sample_id,score_neutrophil_deg_mean,score_neutrophil_deg,score_ecm_deg_mean,score_ecm_deg,score_ptk_mean,score_ptk
Entrez_Gene_Id,12.528129777368836,-8.164261281628342,14.001902676682931,-373.60681738211514,12.949565527974736,99.8392195208423
TCGA-3Z-A93Z-01,8.847532983384538,0.09188891172310498,7.855582561952241,4.63571219640477,8.07598953924691,-6.368692688863292
TCGA-6D-AA2E-01,10.04683035448838,-1.6782909885449437,7.80063820182302,1.3967901062308539,7.912687425927798,-13.082412402384735
TCGA-A3-3306-01,8.386636876613426,1.2169418004510157,7.430201945685821,8.27160951932512,7.58442532874743,-6.924374406352067
TCGA-A3-3307-01,8.867140858802761,0.7031073187428523,7.712596203536268,1.3449117671243513,7.950292678530899,3.3866914052174857
TCGA-A3-3308-01,8.70808964331425,1.126166061487609,8.076844904264625,-7.257134416394874,8.245737039855086,9.53781903612187
TCGA-A3-3311-01,9.033592004284525,-0.9038554660768505,7.813192055197072,-0.029242563713096296,8.018754563300938,5.194721035547162
TCGA-A3-3313-01,9.065431262804182,1.6551800209742193,7.738081007290838,-5.546319939310041,7.895254907371176,0.6489505286464093
TCGA-A3-3316-01,9.345363587306045,-0.17854586189787525,8.003396093798509,-2.709404036254385,8.173792742159252,7.158655832321509
TCGA-A3-3317-01,9.15035228448767,0.17135531462468762,8.016402849654243,-7.1593308608227115,8.315209763836243,8.838618203845874
TCGA-A3-3319-01,9.081294222526237,-1.9878938927385204,7.899217251521744,0.3672418265618383,7.915744716154311,-7.241948319296635
TCGA-A3-3320-01,8.574162280138282,1.3828987401227368,7.668033363337542,0.5189310613752235,7.966965382010899,7.425601902950919
TCGA-A3-3322-01,8.564987848740707,0.8247043951405097,7.7616619304471515,0.8242743565556877,7.99781700893158,3.1200527719510536
TCGA-A3-3323-01,8.995672930553816,-0.6632489372606827,7.920981295105366,-2.7086594379632514,8.127911823102874,8.512565369328927
TCGA-A3-3324-01,8.806935592206438,0.1705421835581068,7.74669540449703,0.3129559095820218,8.020455587080269,4.85281935046802
TCGA-A3-3325-01,8.987225292022686,-0.11729527922190984,7.921662795428311,-1.736755790977392,8.091053139870043,1.9669236045755025
TCGA-A3-3326-01,9.48188676435427,-1.9826499489107832,7.668857817323329,4.340722153619393,7.927097268112634,-0.06705219197553297
TCGA-A3-3331-01,9.095148229992418,-0.22220732688715072,7.785787131507827,-1.186682353137957,8.056726625320367,7.5439333089353395
TCGA-A3-3335-01,8.568541506005628,0.6603070662004024,7.826078935831593,2.154875083896307,7.976177427558246,-7.451765917022793
TCGA-A3-3343-01,9.24867182927768,-1.1993295835329814,7.622372599672534,4.9502813093529205,7.858598381960309,-0.8287089997976163
TCGA-A3-3346-01,9.25984392690793,-3.1211510327473,7.8975392625675,3.2374204679808156,7.81126238195814,-18.95510076082958
TCGA-A3-3347-01,9.304701140016189,-2.5434621892471605,8.25194264243427,-9.624345810821177,8.496703705780828,7.391090263322822
TCGA-A3-3349-01,8.908612790649663,0.26515590338743666,7.955486823051091,-2.2295666343063427,8.183418576432995,8.51719168877359
TCGA-A3-3351-01,9.12822109632922,-1.79397715567852,7.8192874856724535,-2.105893636943088,8.144371907088436,7.432810906089084
TCGA-A3-3352-01,8.974377358185654,0.48588173586566125,7.8609872001309595,-2.2591996389164217,8.038988425088471,2.3747697879767475
TCGA-A3-3357-01,9.236430586360992,-0.6182891459056431,7.6600128591477334,3.629975304891122,7.7769296071555845,-1.8625919399196966
TCGA-A3-3358-01,9.415531773459048,-1.664597541660227,7.972619336272184,-3.231423291172924,8.140665020108232,1.5863720006567712
TCGA-A3-3359-01,9.132163788090978,-0.2373210703427121,7.714520707093916,0.765347339880497,7.98928475409328,3.8963078403876916
TCGA-A3-3362-01,9.014255442580161,0.7382138465444232,7.990859017864363,-3.0592703821111193,8.216359946828584,4.06388585425191
TCGA-A3-3363-01,9.481299705734122,-0.8283819072304459,7.726335483877769,-0.9116586445751563,7.709654325492747,-12.339003330915778
TCGA-A3-3365-01,8.568059634986113,2.8785368669599234,7.956909295158227,-7.004614260813836,8.297562349076587,10.79070522186868
TCGA-A3-3367-01,9.119307677163732,0.4023892097153514,7.788410174475871,-0.17188079780393525,8.001153357591134,4.598366370061324
TCGA-A3-3370-01,9.085973730964708,-0.6927865221618981,7.896507220328068,-4.070413094072996,8.205714752155512,9.433309992197374
TCGA-A3-3372-01,8.478961966898305,0.9317663349025477,7.744520111408494,-1.2713681986266807,8.143611868286218,11.686818753705714
TCGA-A3-3373-01,8.633029818551009,0.7979149863454115,7.782187450055289,1.0995887025698723,8.042833116571652,7.072001383057592
TCGA-A3-3374-01,10.16673889283629,-4.571444738869904,7.73408572144063,0.7495430824663658,7.78090501094761,-17.778515093789444
TCGA-A3-3376-01,9.006013281942154,-0.2590692131461852,7.960890478239793,-7.351525321882578,8.31569424275946,17.165700728231034
TCGA-A3-3378-01,9.327693798091673,-2.6565103419934224,7.870152926047639,-2.8828242660665184,7.981303299473289,2.9165690517951424
TCGA-A3-3380-01,9.316581688186613,0.21665826287587622,7.983442669994351,-5.2374302085984725,8.209139609197912,4.075522561367644
TCGA-A3-3382-01,8.100349033864102,1.6881967640971025,7.811334435853114,-0.17622397009759505,7.996453488121727,3.1854213114360372
TCGA-A3-3383-01,9.441586191271746,-1.9706714311255895,7.656345813911746,12.493797014696044,7.688280054233023,-18.70177694631383
TCGA-A3-3385-01,8.11921220927636,1.6904810163038024,7.452515968319306,6.514437639859738,7.584200780823884,-2.7203181683494053
TCGA-A3-3387-01,9.228670163303176,-1.734084461363324,8.011630497487879,-4.824833975201517,8.188103312504623,6.115411592377717
TCGA-A3-A6NI-01,9.24745525715142,-1.6552865773276724,7.908014930162285,2.1694963656076434,8.015393094233193,-6.369299582983419
TCGA-A3-A6NJ-01,9.001299004011878,-1.2850643548270813,7.748883596317818,2.84957939868539,8.014599472173566,-0.8053032555446932
TCGA-A3-A6NL-01,8.889205192854542,-0.8510471558887983,7.900754397416129,0.1692038948689171,8.169292194240175,5.567939355285012
TCGA-A3-A6NN-01,8.946981709980639,-0.31670032290952266,7.916773617121461,-1.9542041463170965,8.152670871575658,5.5692909774371016
TCGA-A3-A8CQ-01,8.767512164729535,0.302558925009521,7.769042830831511,1.3966162845508925,8.003732848233954,3.8606277229212185
TCGA-A3-A8OU-01,9.207994723990582,-1.4188315897169426,7.886453093066761,2.8001375698120254,8.037642404429384,-3.690873537964782
TCGA-A3-A8OV-01,8.81705998459584,-0.31462234736137396,7.585530317318884,9.109387989570942,7.641595243686689,-13.459380478137055
TCGA-A3-A8OW-01,8.776487425186392,1.4909615855079512,7.767868054271535,1.9567212087988288,8.019614449895785,3.801881944325032
TCGA-A3-A8OX-01,9.352732242072697,-0.7887651422059746,8.112820306934278,-4.496995351055616,8.358359096837665,3.230821336395643
TCGA-AK-3426-01,10.123399945081655,-4.308675295758486,8.07309072662253,-1.3036706752210934,8.21691196416213,-11.151520197239165
TCGA-AK-3427-01,8.449599310638451,6.923023634038564,7.37627774624866,0.43967215029877926,7.417045319107076,-25.994977776042376
TCGA-AK-3428-01,8.671703702829532,1.6417301164311322,7.529783778275399,8.461215052190843,7.731813766612303,0.15692360640938188
TCGA-AK-3429-01,9.386083515365808,-1.4650566474357998,7.572973159866619,9.830693221371712,7.707889981968254,-7.423413296362911
TCGA-AK-3431-01,8.444869992829576,2.2683513592381077,7.980637942309385,-1.9148682403554391,8.149801304773524,9.150588531868708
TCGA-AK-3433-01,9.019280814128589,2.3787106905309408,7.316586033475199,3.0478376974009915,7.531329972596034,-14.073548719643941
TCGA-AK-3434-01,8.49793149729863,1.8153999437558415,7.7627191786044,6.33748581670399,8.010124329720584,-1.401740687608585
TCGA-AK-3436-01,7.8730773907287555,1.7327481451736926,7.7267014187125005,10.222126590896668,7.832380481246317,-9.172024104933524
TCGA-AK-3440-01,8.869517624450127,4.093887977900073,7.344135217876924,3.3368878267386677,7.449340463715796,-19.17066597300657
TCGA-AK-3443-01,7.777992343173502,7.722408972271985,7.144421084735641,5.039474849385966,7.197227843561255,-16.020311773339415
TCGA-AK-3444-01,8.732946030880473,1.2217818971656071,7.6076818481591255,4.555956263570071,7.804226542328081,-0.16329670001284355
TCGA-AK-3445-01,8.899433895920938,-0.9609472560658706,7.9908702249922685,-0.8138605200841489,8.125990067520739,-3.158910520835507
TCGA-AK-3447-01,8.14426107267908,4.825472611406049,6.978714830516297,23.755893034061593,6.825244260970243,-43.318276311540345
TCGA-AK-3450-01,8.770646023520321,1.2112731184889403,7.678830887180305,6.214988223245609,7.815232902681468,-5.639013604205136
TCGA-AK-3451-01,9.09489214581809,0.5491251268236141,7.510716200394053,18.108094688254663,7.422013435162668,-23.95934983963405
TCGA-AK-3453-01,8.493565039216133,3.882522726532001,7.380498228198697,3.858583217636348,7.489736455578829,-15.076147520570096
TCGA-AK-3454-01,8.858493125296532,1.0388811517966012,7.83099076754004,0.10434798967704782,8.051705507815505,4.6436980136475645
TCGA-AK-3455-01,8.601753447845647,1.6771979958608276,7.72195647636186,2.7203681751361137,7.843505614957516,-9.457350252087695
TCGA-AK-3456-01,9.110280457843096,-0.19269382788400372,7.664903246594281,1.7684487183174968,7.742570052749438,-5.9213551876345
TCGA-AK-3458-01,8.776686241789367,1.706447161969046,7.724193787649864,2.9037456218599775,7.778083293578047,-12.682778057824365
TCGA-AK-3460-01,8.815320183275889,0.980448247674846,7.812287448775538,1.2750099446432457,8.022156653536504,2.3364964908815677
TCGA-AK-3461-01,8.921134114335217,1.0074788028536386,7.969198988657748,-4.742029205297931,8.301091601612022,8.739114127973128
TCGA-AK-3465-01,8.817669179210798,3.0137846523399294,7.860375780802448,-7.073309032686044,8.02867099457353,-6.257677080312845
TCGA-AS-3777-01,9.011048974824297,2.522066365879245,8.093797587062566,-7.967538318958243,8.008431898807263,-15.376624352923072
TCGA-AS-3778-01,9.126340208110959,-0.12253108036782116,7.941399650970136,0.09974776207681345,8.113236933980588,1.0420300923150065
TCGA-B0-4688-01,8.577778518945355,2.5144057553568153,7.809734815635773,-7.724145472295006,7.797442498189441,-1.622577153791169
TCGA-B0-4690-01,9.288656229012691,-2.315253472505582,8.122071186094397,-7.03986573278984,8.256909210093053,3.3060522464407676
TCGA-B0-4691-01,9.233203076031753,-0.9997968757427127,8.095430076592693,-6.082723872508632,8.180624379753594,-8.881736375208739
TCGA-B0-4693-01,9.066836408023164,-0.29268070907415245,7.704165675239119,2.0905682466605113,7.935232831241111,2.189164250551276
TCGA-B0-4694-01,9.959544677495602,-3.318257970862293,8.107000490522502,0.21009927737253078,8.171964171991075,-4.3005948485383705
TCGA-B0-4696-01,7.668635880769921,6.382038475455127,7.689455872212367,-4.554617921157534,7.426288502009797,-9.904892667182548
TCGA-B0-4697-01,9.164372541534965,-1.8653505987429664,8.022451518206852,-4.024519823647621,8.188716120939928,-8.191560093766721
TCGA-B0-4698-01,9.459694572769395,-0.9974880631567634,7.626052022263023,-2.5944962900254374,7.6544200946528385,-9.524929624794668
TCGA-B0-4699-01,9.485786889116516,-0.5491071035193055,8.054085241366518,-11.353377410270365,8.200894202463791,-1.9091229260773244
TCGA-B0-4700-01,9.488290993397024,-1.6905223748717104,8.207559526155219,-3.312912728515294,8.30806619697643,-0.6376581588742951
TCGA-B0-4701-01,9.288537542473419,-0.5794700182088316,7.89736365478289,-1.9944324239505058,8.086248189637073,-0.40611633326349417
TCGA-B0-4703-01,8.861732796038675,0.3146440583899153,8.119465015021452,-7.397070156898494,8.364299088232327,9.862115144712156
TCGA-B0-4706-01,8.660019124606892,1.6968424972121177,7.9297751129568415,-0.19171477798233758,8.138764681803746,-3.9483656585058107
TCGA-B0-4707-01,8.221410044149998,2.2639411793061983,7.912149135953639,6.5436277626830215,8.032379567312951,-15.182168122543453
TCGA-B0-4710-01,9.162569197831822,-0.38818052288738214,7.994370099889321,-6.748141842472977,8.213515429921094,3.850800570755451
TCGA-B0-4712-01,8.907507724656845,-1.41208108529825,8.045795136326998,0.43129454637974557,8.052656322980123,-6.486205328976835
TCGA-B0-4713-01,8.665860413894515,0.049018529168100275,7.858175844501064,5.356492317740981,7.9017211738691495,-14.419062072919736
TCGA-B0-4714-01,9.31995100356498,-1.6835944673188314,7.8029560979933335,0.370399704127699,8.024537662521793,-3.6940587637129023
TCGA-B0-4718-01,8.723921258361694,0.6486185554307724,7.91945659646268,-1.4549660984312307,8.164338310867798,-1.4906381618897884
TCGA-B0-4810-01,9.05818842004004,-0.8628069641730145,8.087962126770517,-2.424428108776143,8.165811948531097,-2.3313397057978387
TCGA-B0-4811-01,8.65898689233727,0.7350178647245761,8.017249241006988,-4.005050841759567,8.205259714117323,-6.219121527224524
TCGA-B0-4813-01,9.145169844844828,0.03341647585727758,7.904247277864965,-1.8685654619084753,8.009809122092015,-11.604351064010057
TCGA-B0-4814-01,8.81734712055026,0.8657992790729366,7.844944429273444,0.07257786157302254,8.037555179378362,0.3569034216034889
TCGA-B0-4815-01,8.988450408775552,-2.108287716537142,8.10707123664053,-6.797752677501869,8.235934462574123,-2.2894150336232144
TCGA-B0-4816-01,9.619511101501663,-2.9277004822469204,7.839264817211829,0.09836128849477864,8.093593845597127,2.797734177488779
TCGA-B0-4817-01,9.331449208263331,-2.590282709498131,7.880924104840282,2.758799172608727,7.792713354674846,-18.270291393844364
TCGA-B0-4818-01,9.048184985434327,-0.051330843924968506,7.709411614451694,1.9690895565717286,7.9445865013011465,0.47837190618185144
TCGA-B0-4819-01,9.449472410691563,-1.4111409098926122,8.154121428528132,-6.919989719568537,8.42585973066926,0.9640100316522782
TCGA-B0-4821-01,8.30040763103416,0.8527006540358678,7.9427449840095345,3.0169061776434947,8.060170580242271,-16.415264180567906
TCGA-B0-4822-01,8.839781149717984,-1.1255366318601572,8.02639568231249,2.035633992572557,8.217164194690758,-7.49421498351154
TCGA-B0-4823-01,9.295548080444162,-0.38306401830390663,7.930104443915166,1.4201672020300367,8.147569390256372,4.851659307247073
TCGA-B0-4824-01,8.91578399015357,-0.7652728917377927,7.737613347164365,2.3129369038517518,7.950091426169681,-3.460978071672282
TCGA-B0-4827-01,9.238018636939179,-1.7555271507672021,8.06710216787218,-1.0769494203301042,8.157960064211752,0.15504945556826244
TCGA-B0-4828-01,8.488129020584129,0.5987907581863758,7.701638000194259,3.7343640341503113,7.908086843289969,-10.483418738956583
TCGA-B0-4833-01,9.052633602585564,-0.22734994648284335,7.790183238871632,3.316213999844085,8.051524811189472,-5.921644693117338
TCGA-B0-4834-01,7.638549417747754,8.884037214257768,7.440682627535348,-1.228336558389322,7.675043052474721,-1.988138225259538
TCGA-B0-4836-01,8.766593503065767,0.5448596889807968,8.11239462049047,-3.072087372181273,8.326647382664483,2.3617707978055504
TCGA-B0-4837-01,8.684225056489355,0.9559090065497682,8.101055658436815,-1.288699082579723,8.140508192321837,-1.3985990356792943
TCGA-B0-4838-01,9.001981930417584,-0.3856766971494208,7.712635722055531,0.632867361241677,7.978944278860154,3.00002581485668
TCGA-B0-4839-01,9.469679653204874,-1.5947888017603882,7.729033715891364,10.42497748025498,7.861429009502248,-9.072802668215504
TCGA-B0-4841-01,8.299756534824965,2.587521186120038,7.729608654176662,10.308162652813191,7.935954592911946,-7.3234836476629654
TCGA-B0-4842-01,9.235507595726345,-3.0864529639359426,7.718789053283146,15.692053150470874,7.768644353504322,-21.45015001043267
TCGA-B0-4843-01,8.961125853862255,0.6644617955468151,8.16389088460039,-4.342628209820792,8.247272947257459,-0.48868211015447327
TCGA-B0-4844-01,8.64451824814671,0.012137762794054513,7.822393085606766,7.137419442683089,7.862523443345992,-15.116442154043435
TCGA-B0-4845-01,8.370483424741455,1.942385564935336,7.858460803424523,-3.3153080675930977,8.0589871119195,1.643759475752821
TCGA-B0-4846-01,9.022166119188629,0.5725421780822181,7.766031485325586,-1.4953454273961104,8.072272838711898,7.114159260606431
TCGA-B0-4847-01,9.874646719806362,-3.0644284095762515,7.673815771856048,5.26982450818718,7.82924202492709,-15.190853031370917
TCGA-B0-4848-01,8.980160596093695,-1.6737605785320948,7.899034876053337,2.3186246427746493,8.040744569197328,-0.3634517309049661
TCGA-B0-4849-01,8.730641459614334,0.31562039653187834,7.6776270170796765,1.9524428551151292,7.957008768078401,-0.6164543245086456
TCGA-B0-4852-01,8.78644360060049,1.9180437918756315,7.9108842780063275,-6.218651490515679,8.091449073974085,6.239739503641495
TCGA-B0-4945-01,8.611659226008513,1.2742773180940286,7.8106128194396875,-1.2634330621700913,8.113179392092766,7.321808394456558
TCGA-B0-5075-01,9.538545691234074,-3.203240047219727,7.712186220095243,2.4783859502975703,7.81246132007069,-6.132256689476768
TCGA-B0-5077-01,8.798288692138954,0.3439709563106466,7.863378838291884,-0.799310476220745,8.053352203344167,0.25551807123692666
TCGA-B0-5080-01,9.05675858567266,0.9046389164220979,8.08272854871393,-5.701350894055411,8.308147212517111,8.23603450009395
TCGA-B0-5081-01,9.856333168938097,-3.147337318172778,8.103347341818871,-5.299848934812844,8.275556729200227,1.5084359153014986
TCGA-B0-5083-01,9.850556868851486,-1.8561827233677533,7.924278104702061,-1.9330818381886299,8.109524891356635,-5.384200939344707
TCGA-B0-5084-01,8.885035911389128,0.31899346598350076,7.887173079924786,-0.5519237929102284,7.851777555448521,-13.776570247067982
TCGA-B0-5085-01,8.78955296027514,-0.12569581304239275,7.7332054146864975,6.553168793771033,7.904645825252167,-13.038871059992383
TCGA-B0-5088-01,9.543416169200471,-1.9310045639977804,8.011094616652167,-0.2702550168509598,8.152098552150608,-2.90635379380792
TCGA-B0-5092-01,9.301306625246887,-1.6128041636142751,7.934760225049919,-1.3893692328871319,8.13111701500988,-5.766728103349225
TCGA-B0-5094-01,8.171394668491063,0.76416941927086,7.82872029700579,2.0061996358097476,7.892495292112508,-5.86384216237687
TCGA-B0-5095-01,8.522241590896284,0.9450403170932478,8.14937491389578,-6.121725402097733,8.357054008326186,9.819913325190173
TCGA-B0-5096-01,8.84064350874344,-1.2484453472339152,7.892634646445011,-3.1021789298582565,7.958119278364738,1.1353754091779673
TCGA-B0-5097-01,8.59081678027479,0.3260992889107919,8.127757874159563,-5.867562224189332,8.378670455618805,13.838346325522322
TCGA-B0-5098-01,7.798210360080156,5.935043538937064,7.865509752531679,-6.6435812992050325,7.802686699220124,-11.642947153657206
TCGA-B0-5099-01,8.296003016932218,3.2028485619787896,7.715518365345074,1.3820327428886283,7.90218142620683,0.4203409830273793
TCGA-B0-5100-01,8.439933248154158,3.134540105682731,7.965890847376119,2.514268399750252,8.159315165329497,-3.0986716937437366
TCGA-B0-5102-01,8.423948856774981,0.7275845185124589,7.709299995578927,3.9938959404941516,7.821836320029199,-8.119977611470768
TCGA-B0-5104-01,8.849010854585664,0.6622641611008158,7.769710120422191,-2.0739797899283583,7.995102853437967,3.197990127025913
TCGA-B0-5106-01,9.273362812982933,-1.291332399570602,7.894928147941204,-0.8186637478864618,8.106553940792521,3.2739072023325444
TCGA-B0-5107-01,9.26947875277525,-2.6579970843181204,7.438529446722816,10.65037734859845,7.406455058723492,-27.135814213753424
TCGA-B0-5108-01,9.30009131298337,-1.8581071905596176,8.086810048233689,-4.567763536423895,8.295660218286226,8.597185464010758
TCGA-B0-5109-01,9.363303075302078,-0.5277511645927578,8.059151203520127,-3.1603505071283355,8.31606135724337,-3.7317788161066097
TCGA-B0-5110-01,8.649610120380284,1.6336715740970622,7.782983019652023,-2.559507132933974,8.06216189784089,11.370556666940496
TCGA-B0-5113-01,8.7322156009561,0.5822002543444897,7.833369306119824,-2.9539740768711376,8.145857834071352,10.265418943490452
TCGA-B0-5115-01,8.544858640590164,0.9509266206559004,7.818718171380499,-0.3430132195552358,8.070615897561249,6.072329140623001
TCGA-B0-5116-01,7.846593975044234,3.7962396960020945,7.787078799066931,3.5977770758731253,7.928424475728118,3.1838688207602077
TCGA-B0-5117-01,8.636638842930239,3.683532177355494,7.637499317679692,0.5865021866796588,7.752458323321656,-17.088844178853012
TCGA-B0-5119-01,8.578914783403079,1.2356447432403868,7.674311909416649,4.493208154596316,7.935863611210346,4.389502609614658
TCGA-B0-5120-01,8.81668060782961,0.698549714083993,7.93925160402123,-2.093387575698071,8.17386991439513,6.563817410226187
TCGA-B0-5121-01,9.13737765355243,0.4581115887778094,7.820446835772747,2.95457520708997,8.079799239036511,3.036203296559293
TCGA-B0-5399-01,9.096759862217201,0.44117047814876453,7.895182270660839,1.4956056805811848,8.04151415932191,-1.1021120674207225
TCGA-B0-5400-01,9.108918978861531,-1.2566289215871227,8.026465835299998,3.4152434794678967,8.01708539757442,-13.552722314820274
TCGA-B0-5402-01,9.281638611236563,1.3999462162554654,7.868108248901459,0.6861185912918553,7.983899143334184,5.538566429064613
TCGA-B0-5690-01,8.686506661953707,0.828098260648306,7.846604430193289,-0.07094120600468021,8.148798796850027,10.735438955614924
TCGA-B0-5691-01,9.07901386269997,0.910665469501301,8.044478223250982,-3.4173864364679667,8.38829704298519,10.979408753947803
TCGA-B0-5692-01,9.161635904643045,-2.176060760507728,7.676979338136364,7.173466124186697,7.804628708261956,-10.35571211291457
TCGA-B0-5693-01,8.151684799573477,2.9936364631647585,7.7248127561502695,1.7536700445003461,7.918664717285106,4.76898141451696
TCGA-B0-5694-01,8.921031548680801,-0.9452930837373972,7.7923713970177015,7.043491582635178,8.006936628882052,-0.5467569572007477
TCGA-B0-5695-01,8.404630823620112,2.465127128107446,7.783385820679454,4.034182336459852,8.023013590224979,3.034251929523057
TCGA-B0-5696-01,8.459775923094629,1.126346709842787,7.777525067071617,7.561822387116054,7.884657456606241,-5.883406670335601
TCGA-B0-5697-01,9.717110326466472,-2.4505222115616228,7.953392362661877,-0.8784546029180466,8.155520677702944,-1.4418018526327794
TCGA-B0-5698-01,8.836993416217558,-0.6482529977428731,7.444810996880466,12.692525481701683,7.650953361519393,-3.3863117457499397
TCGA-B0-5699-01,9.408692410299494,-0.4912919732392108,7.6664041780061085,3.9265698678830274,7.831200470678773,0.01992351191751618
TCGA-B0-5701-01,9.266322176639683,-0.646792222606132,7.744310100175329,5.847392651122045,7.841303029282462,-4.285848788928722
TCGA-B0-5702-01,9.199473324488206,-4.386957197749117,7.405617443613236,41.90168963551801,7.335546829331316,-43.92417395528465
TCGA-B0-5703-01,8.532681405170152,1.462844961374776,7.686267311785364,6.6732640069295135,7.8936194697757776,-3.5124411878800297
TCGA-B0-5705-01,8.89420464948517,0.431037934602715,7.594740381913277,4.986780350894733,7.851179947286515,1.0600128981600245
TCGA-B0-5706-01,8.532308316178703,0.9007070134563517,7.887063697749353,1.311615762140048,8.02504756623761,3.2790954455905608
TCGA-B0-5707-01,9.322815639629253,-0.7845035055366651,7.848145781577035,2.5590960361881385,7.874803923137861,-15.076664082420649
TCGA-B0-5709-01,9.670066828728425,-2.2067859868426876,8.069641823070821,-4.353715049703158,8.417611406249843,10.156291711768752
TCGA-B0-5710-01,8.669783225251715,1.979701176130136,7.856723179147354,-1.7966120186870471,8.149977868065017,13.536968573678715
TCGA-B0-5711-01,9.020674520750873,0.6973725943326473,7.757192829907993,2.208795368871443,8.012014269400469,8.227465794515672
TCGA-B0-5712-01,8.326577063189609,1.9136689822156443,7.568029895790321,8.348754030953065,7.681757820082527,-9.20538644310722
TCGA-B0-5713-01,8.62137763805123,1.2678785916287487,7.597086625855809,5.771308439927436,7.8518118977696725,4.5900721064877015
TCGA-B0-5812-01,8.828845806630431,1.5845469600290971,7.8822000221999975,-1.8003119766162479,8.149886736878633,11.643734748161428
TCGA-B2-3923-01,8.902843010200712,2.70243225016747,7.4945811384891865,-1.4360204745109533,7.691181666358587,-9.858617241649851
TCGA-B2-3924-01,9.09265159019854,-0.9661821299237601,7.692965508937363,2.0281210774130525,7.898150207857896,1.499441535230054
TCGA-B2-4098-01,9.448332935855973,-1.6252901087572496,7.742675376426678,-1.8497872442784669,7.742670189335635,-9.601869690285861
TCGA-B2-4099-01,9.244763829243912,-1.0524047770572882,7.698351717892082,3.2829787624498508,7.801835014416461,-7.460044501273228
TCGA-B2-4101-01,8.830848227052329,-0.30189102480439173,7.998403804539087,-5.518049867741129,8.243695694775495,8.67062904181378
TCGA-B2-4102-01,9.619215841658225,-2.090652259820703,7.731938456632825,-0.46577563046096865,8.011211923567783,5.567647206911489
TCGA-B2-5633-01,9.204497694902408,-0.9526351811550811,7.926128134504299,-1.6123457308580622,8.184730951356327,9.983840510876506
TCGA-B2-5635-01,9.733326811371063,-2.7373131767558347,7.768053307239796,3.343789579602219,7.98579224763814,-0.05319277480585283
TCGA-B2-5639-01,9.556220774852871,-1.5423920679023255,7.649680055169616,7.245217811534438,7.792999762787563,-4.756642242655375
TCGA-B2-5641-01,9.435383480357396,-2.4582294942076506,7.841464911529639,2.44812010389357,7.977004057039094,0.74819350778279
TCGA-B2-A4SR-01,9.000230122870862,0.8367451867113809,7.842205897204936,-2.286872556660641,8.130342363644594,9.07710899577083
TCGA-B4-5377-01,8.837189349981733,0.08642716854009548,7.701908688412855,3.09223536842998,7.9437050247160235,3.7693097736926595
TCGA-B4-5378-01,8.613842330271433,3.478638227333984,7.8203055625088025,-3.4227292586586646,8.212678653317807,11.800768020968833
TCGA-B4-5832-01,7.185310999080339,7.683905649565853,7.272441481275695,11.329527014555767,7.387671638850921,16.001216329546654
TCGA-B4-5834-01,8.498824462025887,2.490650502264088,7.80259574883342,1.0426573831125237,8.052772779407928,10.308842420632947
TCGA-B4-5835-01,9.311526244240738,-1.3616562299393424,7.703494394300405,1.9763700385361225,7.567246534668483,-19.00892943568984
TCGA-B4-5836-01,8.732647811139017,0.8102707678708636,7.765940955629756,2.563359844472382,7.973043437409886,6.788299390086605
TCGA-B4-5838-01,8.66476947509941,2.9185678246330484,7.774341478849021,3.0620900702798406,7.85019994450542,2.052987794046834
TCGA-B4-5843-01,8.422626158574547,1.8309841481595652,7.725911432653728,2.3689177422862056,7.891588655803475,5.3115798988305825
TCGA-B4-5844-01,8.348018583563935,2.835017247342981,7.686245681476562,3.650682112519402,7.974887606986265,9.926371310115776
TCGA-B8-4143-01,9.460692163227446,-1.4307483987780814,7.87351050391862,-2.7376113082375753,8.011314163623862,-3.3254655962400186
TCGA-B8-4146-01,7.90906490973698,6.030873646242543,7.241402570070672,8.034160797026539,7.383091231845169,12.862092486363835
TCGA-B8-4148-01,9.052225054675677,-0.6395783346975988,7.7113119613019485,-1.1631297568005654,8.06222977685978,5.508769307824465
TCGA-B8-4151-01,8.67524322831489,1.6707716077903287,7.449842324372448,10.352350854032506,7.493753315636033,-9.096257353681573
TCGA-B8-4153-01,8.482129741617804,1.5496175574310482,7.663438958974013,8.013270527744906,7.860727147148487,-5.610354536426357
TCGA-B8-4154-01,8.93014228034276,0.2766131058365594,7.665244472026986,5.367730650328973,7.742862968465044,-5.355554426621664
TCGA-B8-4619-01,8.592106940727508,5.075120707481598,7.706440227562906,-6.709344489605814,7.9943833419258885,-1.0527173901954763
TCGA-B8-4620-01,9.07461426963454,0.36362511030265277,8.01896974051827,-4.799611796797726,8.22245875641946,6.72131153704416
TCGA-B8-4621-01,9.606642611032646,-1.3468119677985924,7.743872884885517,1.0296296525658823,7.797929301784894,-7.0064132306121305
TCGA-B8-4622-01,9.127932438257035,-0.741741736048695,7.879158925808021,-1.5472842758596475,8.10513963053968,6.145499674965258
TCGA-B8-5158-01,9.065961731120845,-1.9026872352830009,7.923138593243083,1.9152646149313521,8.003349371761075,0.9656358640716975
TCGA-B8-5159-01,8.811033881550397,0.12353082194631956,7.63763023323513,4.428093348968468,7.83901746412173,2.6602364185882674
TCGA-B8-5162-01,9.529356296765952,-2.9648326069917244,7.966200783479632,-4.334636376920301,8.121000930690808,7.161212723927737
TCGA-B8-5163-01,9.63018754156358,-1.8009077889576615,8.087030411014897,-3.802873083850102,8.318060063872666,12.630578309849493
TCGA-B8-5164-01,9.292703025658946,-2.2646291146316924,7.554909122987879,3.7603852210438946,7.810141441077021,2.4617815206107094
TCGA-B8-5165-01,8.81840355504202,1.6409772016742088,8.042284031693669,-5.160596450255761,8.333483750896894,14.095100207933767
TCGA-B8-5545-01,9.093544472096283,-0.3755350955366936,8.028823053135493,-3.8644853987576764,8.248538527156082,10.605458389323413
TCGA-B8-5546-01,8.292378116916876,4.992081610934578,7.63402769736369,0.8889650475483216,7.805580907751266,-6.492791490844902
TCGA-B8-5549-01,8.616418400103775,0.7779251157628662,7.7622892982187945,3.102457097471824,7.943422576779351,6.59583968311458
TCGA-B8-5550-01,9.124242376980588,-0.5035931915376295,7.9909241107454925,0.6602986190273966,8.09213457794886,3.191083815388165
TCGA-B8-5551-01,10.126679992821193,-4.675242649723474,7.978072546590665,-2.853092478324411,8.097314444043947,-3.3428077531067344
TCGA-B8-5552-01,9.300869811899094,-0.48417346199245515,8.025109271387208,-4.604846479476693,8.303134227138303,12.673023276981016
TCGA-B8-5553-01,9.500173917488095,-1.0080218158492753,7.760004498122855,3.0689818719370905,8.034563477563397,6.840968931596883
TCGA-B8-A54D-01,9.508194281394728,-1.1349635349821332,7.6322598416610585,4.252404710099448,7.771775822238989,-8.441400907390875
TCGA-B8-A54E-01,8.50916056776024,1.6584373043855323,7.485480989145107,0.8621287454354446,7.351362352300892,-17.155504419971702
TCGA-B8-A54F-01,9.001408781823782,-1.1185854217462554,7.921909724194027,-1.199673435693425,8.160164556434955,4.53194336637666
TCGA-B8-A54G-01,9.958514300260862,-4.244423196873554,7.52139379666118,7.0345282115040275,7.657673840009142,-12.254660448493734
TCGA-B8-A54H-01,8.79325124983432,0.30315804552828257,7.792632119223078,1.5502719667166969,8.048130822531586,1.3786094141142544
TCGA-B8-A54I-01,9.37182741234532,-3.7287275838033893,8.024338842131511,2.84907102067936,8.025691155838183,-12.352510193714137
TCGA-B8-A54J-01,8.964887737019733,0.38357533592998533,7.843494456429563,2.1574076775088264,8.117958796976595,1.44695888782116
TCGA-B8-A7U6-01,8.67359261134689,0.6804079019281122,7.851686544443567,0.8972876382297296,8.052469381950322,-0.10313913615027648
TCGA-B8-A8YJ-01,8.935590806701427,0.27368312833414316,8.154438274011314,-7.915496099102308,8.456192562147805,13.032279657494772
TCGA-BP-4158-01,8.404804945627047,2.379542333105659,7.735357284367204,1.0187965622032953,7.986897650250812,2.889432545048261
TCGA-BP-4159-01,8.696957697489216,1.4252019659184783,7.800932938712394,4.709726064980997,7.9845559868757645,0.6388995410002374
TCGA-BP-4160-01,8.995476146784227,-0.470418004508242,7.843419742641174,1.3539938646494356,8.009505298676487,2.9492129255866346
TCGA-BP-4161-01,9.482068809541905,-1.4530809251630175,7.864910379866475,-1.812238940164098,8.053269357956884,1.9842586950078371
TCGA-BP-4162-01,8.887690120423999,-0.47101076612190046,7.746080289783469,0.9378616415038995,8.030283873208736,5.470144085520017
TCGA-BP-4163-01,9.342629577256082,-2.166346954147562,7.795311138418819,1.5540777638100574,8.010016969755105,1.0383780271489378
TCGA-BP-4164-01,8.101535817955547,2.4853221798885965,7.516895946838118,6.5712207844409045,7.67341456489943,-2.6623116740587527
TCGA-BP-4165-01,8.407482673047788,0.5680695319635407,7.720653488926216,6.5515622866930885,7.953024932637085,-6.053180536691033
TCGA-BP-4166-01,8.361861937028237,2.1221021300717373,7.902879561748311,-1.3920233305728211,8.119849360889564,6.121691138445892
TCGA-BP-4167-01,9.227808734127256,-2.6347698508156037,7.99190073519562,3.5247499272247436,8.105772219441238,-7.371301840252188
TCGA-BP-4169-01,9.43130277713127,-0.7996249521425703,8.187642869682813,-10.595134056312322,8.56462782818148,13.864647571839628
TCGA-BP-4170-01,9.05858784542518,-0.4405368367178726,7.801860797862628,0.7055536948367398,8.081185847832508,5.431795157870159
TCGA-BP-4173-01,9.80341560470441,-3.2069291270372475,8.031219196113813,-4.457604738575418,8.279000867433608,5.070062347495479
TCGA-BP-4174-01,9.252813051842514,-0.6476483345777895,7.687176965630457,2.9852197346769955,7.750143122437387,-4.703435845959351
TCGA-BP-4176-01,9.355642955310284,-1.9831603838730103,7.994696311914916,-2.8738703212548704,8.201101108486174,4.555404969712507
TCGA-BP-4177-01,8.874053215803201,3.107089257819482,7.931197687026714,-1.5199603840937514,8.207895750496961,4.566839322932142
TCGA-BP-4325-01,8.752731121286002,-0.043443071221047985,7.630849772232499,0.6905039408110326,7.809760212403419,-0.4185669031467701
TCGA-BP-4326-01,8.576212077362577,1.5118835054436213,8.03240671106289,-3.4467817255359323,8.290471657573123,7.369661936943672
TCGA-BP-4327-01,8.926251811500707,0.3873946221966108,7.856111012535103,2.9827756191408588,8.049746440076254,-3.7655792023549153
TCGA-BP-4329-01,9.094184648041713,0.2375181231272603,7.891164542861398,-0.33732487995935684,8.146923838962586,4.647845782629817
TCGA-BP-4330-01,9.056221219647506,-1.0136132771561208,7.874048677055593,-2.609964637402109,8.144521743870593,6.407046658707177
TCGA-BP-4332-01,8.851116672046855,1.843509304480878,7.917384839084119,-3.140696731967433,8.06590678145853,4.072426478607802
TCGA-BP-4334-01,9.32280601825253,0.8499060499953133,7.427889230627109,8.189439503807714,7.573977373594286,-29.23188135438822
TCGA-BP-4335-01,8.984560404957643,0.1493183576866675,8.0052364338608,-5.0792843644555905,8.223270932054866,2.62642842214682
TCGA-BP-4337-01,8.68168102030666,0.3594276029426735,8.081621721803552,-0.3554193845691635,8.268309242181344,-4.135120387853792
TCGA-BP-4338-01,8.452201455884436,-0.6643660259521644,7.782186320905649,3.0852504346673704,7.758138973206503,-9.820980167577497
TCGA-BP-4340-01,8.610812619342617,1.6630123958323568,7.591729261851208,2.339121333042572,7.829292080213047,-0.3761488461340255
TCGA-BP-4341-01,8.498685018920526,1.7854358420988568,7.787905963945406,1.406923544551055,7.983306404597248,-2.8088063246838564
TCGA-BP-4343-01,8.868510996212766,0.6583850515669096,8.025375778130135,-4.272286544475157,8.157749809598766,7.88133353240352
TCGA-BP-4345-01,8.973887903180099,-0.8310596475492708,8.177077310253406,-7.034034748269914,8.376851221407676,10.612680508345392
TCGA-BP-4346-01,9.536904088751669,-2.5834603872079906,7.857373312544158,-1.3568733927635865,8.072456216469675,-0.22424051270610526
TCGA-BP-4347-01,8.849288304498039,0.9242333143505388,7.774181473713054,-1.7045215544027166,8.088609655450446,6.866483810854493
TCGA-BP-4349-01,8.868367272501082,0.9162619321258595,7.889856511646887,-0.7911909215490128,8.158427673395197,2.6434102701912576
TCGA-BP-4351-01,8.59267502084378,0.7846805028098791,8.057390319984496,-3.634185991484569,8.305213254817566,0.52812043088212135
TCGA-BP-4352-01,8.553229870116612,1.5611451447726084,7.781057753207988,-1.4504893204866136,7.784756589543934,-19.394753711481314
TCGA-BP-4354-01,10.046178604674038,-4.245476588940237,7.99714818702206,-8.294423426966892,8.109743250918592,4.254876785079693
TCGA-BP-4355-01,8.368213280212926,2.6340631003952817,7.882785097583668,-2.595821837950616,8.240639718704902,7.786280960064252
TCGA-BP-4756-01,9.10240169242723,-0.17424637542245838,7.701112857211141,-1.0496140605849251,7.732589428472429,-10.269173749604654
TCGA-BP-4758-01,9.194257424421153,-0.6209570525812278,7.817481494066028,4.305162758816353,8.086313431530188,-3.2433978260010763
TCGA-BP-4759-01,8.784851524293597,1.5865184030385937,7.778831508339917,5.099794448127984,7.938194863766395,-1.5763419544598636
TCGA-BP-4760-01,9.007160555986387,1.8098941081986983,7.8907157635041285,-1.1581574086225788,8.207973283595198,7.731187008185318
TCGA-BP-4761-01,8.843003142023948,-1.8819179332551452,7.773830512251703,13.389496269085976,7.70268779334567,-29.61773407228896
TCGA-BP-4762-01,9.03097708208758,-0.0181673155510607,8.054535398616645,-4.328718718223174,8.247874022215406,9.80142929101614
TCGA-BP-4763-01,8.395110801903378,3.150930042554602,7.94881987148682,-4.404049830852054,8.141247238574243,9.482747846791776
TCGA-BP-4765-01,8.418717111820373,2.211518165148645,7.856366821492185,-2.393637010693288,8.052255155013878,6.684040855244111
TCGA-BP-4766-01,8.890676187113257,-0.6412067808765124,7.741453286184108,0.045401177948671614,7.958288804546443,3.4427166195486727
TCGA-BP-4768-01,8.31973945502468,1.006690796964267,7.651272871540679,4.077019783836594,7.813782453197952,-3.74566285034056
TCGA-BP-4769-01,8.494983183414439,4.0639140295352245,7.964738279333698,-3.9408440214623255,8.311645801496958,7.430852927833122
TCGA-BP-4770-01,8.05142999310377,3.586323715953909,8.069054176985649,-7.980406895225173,8.013114304323238,-0.3058906241261689
TCGA-BP-4771-01,9.700921891160444,-2.925292321269535,8.01026405209521,-4.233684669580581,8.283831330769498,0.9532796208042652
TCGA-BP-4774-01,8.52711646727766,1.7772499632399559,7.837694787670229,-0.9805204367711191,8.10599776057336,2.474479723576898
TCGA-BP-4775-01,8.825230206317087,0.14502221323040976,7.813170956050025,-3.156184222658503,8.07636104834609,5.09885448981814
TCGA-BP-4776-01,8.71745295666941,0.8667856657275583,7.856673287920833,4.256828562753375,8.064253276575744,-5.2112493116053855
TCGA-BP-4777-01,9.578357878100231,-1.6496594438585857,7.86545064007951,0.36800687192905834,8.046768069478542,-0.7869092191299241
TCGA-BP-4781-01,8.777966904784462,-0.051950216282138306,7.979678705880725,-3.0718037244072502,8.121931651711504,5.570405322828062
TCGA-BP-4782-01,9.291227025083911,-1.1232316588105231,7.903684461702693,1.4548640847420558,8.09001243666889,2.9158190763003327
TCGA-BP-4784-01,8.662185782388184,2.888201382770087,7.928036086657452,-2.7374535044890456,8.236460947293528,7.275739847626716
TCGA-BP-4787-01,9.229879529610242,-2.5071281305199937,8.10843636808011,-1.6658954088382543,8.263820196212436,0.9074345002932013
TCGA-BP-4789-01,8.317423446907819,3.568300516188721,7.8687864607878515,-2.82732129149895,8.137203630392863,13.558651038992876
TCGA-BP-4790-01,9.01221884610642,0.425504798713358,7.980471111568486,-4.7321939696725375,8.336613733392062,12.12419996113551
TCGA-BP-4795-01,9.499369644876513,0.42407584923708974,8.098542010231597,-5.8147370814174995,8.49156229235992,11.840252010390023
TCGA-BP-4797-01,9.626129287922481,-1.3140084532747127,7.9288541745302314,-1.1910912909710014,8.109558232533841,3.5174600649199763
TCGA-BP-4798-01,9.691406380221157,-2.9663679444389475,7.942084930504726,-3.778470236051107,8.121790901188158,1.128439908765339
TCGA-BP-4799-01,8.520805712942549,2.484783410874769,7.804103381832135,3.6074730314854224,7.988570121736846,2.4444303353807872
TCGA-BP-4801-01,9.272429608070711,-1.4047955380374044,7.963564351286179,-0.3991081813209899,8.185131718623865,6.327844647519966
TCGA-BP-4803-01,8.779466161966292,1.2600195799943676,7.874561734211189,-0.4545375520771258,8.084755411338442,7.5273590891975335
TCGA-BP-4804-01,9.561055011100775,-2.0162536482273143,8.11155470154736,-2.3751908635710897,8.350079271745896,1.4662109103379237
TCGA-BP-4807-01,8.921526114254442,-0.1852525846155754,7.893516121749931,1.2922307070510672,8.01804643814227,4.0721981596871775
TCGA-BP-4959-01,9.317257577328073,-1.9720890720424031,7.808229507172854,3.7093786503988646,7.969064462802047,-1.3145951636128612
TCGA-BP-4960-01,9.215299405018056,-1.5604098932746002,8.058511079563994,-1.531644022223427,8.216593585932253,-1.9450008455097294
TCGA-BP-4961-01,8.647918457801316,2.1010465264255918,7.890346897456149,-3.7438188879306256,8.141243894584997,13.6378116513188
TCGA-BP-4962-01,9.546725458308993,-2.426182933653514,7.97320931559551,3.0171560998827456,8.104731834599663,-4.575783565408878
TCGA-BP-4963-01,8.889808072363639,-1.5149462488993857,7.841935437512975,-0.5019100711522466,8.140166790205061,5.289071903056877
TCGA-BP-4964-01,8.675743601095895,1.1238103861849227,7.921976497519247,-1.9387130201271523,8.117582831425894,5.249011317286495
TCGA-BP-4965-01,9.049666131634009,0.36986586984916026,7.846637303596495,-1.4795441506943958,8.095997733590982,11.93455165543955
TCGA-BP-4967-01,9.206630190145088,0.481943618103198,7.9027607418522035,-2.0789025899267632,8.045998424005349,3.107407676139802
TCGA-BP-4968-01,9.406271907683054,-1.001321265636233,7.966775795203895,0.46140438422252594,8.093384811637089,-3.753164315610738
TCGA-BP-4969-01,8.744310774134226,0.669383577164982,7.761953585446474,3.2003340963507236,7.866947739345631,-6.716887024147571
TCGA-BP-4970-01,9.560140597910728,-1.4099386072243003,7.965139557742796,-1.9452324340929852,8.202011630611908,11.44364882699036
TCGA-BP-4971-01,9.559900965046955,-2.2132047024738943,8.154991410060527,-9.083408054780511,8.365160597117193,5.708817628388561
TCGA-BP-4972-01,9.248784244761401,-0.8166032972702296,8.006223528265384,-5.112888835398132,8.183635042887913,10.055086805819244
TCGA-BP-4973-01,9.137349802639685,-0.039685290871245116,7.7655603479516095,-0.5798797454242094,8.030571029595444,5.2433811284669725
TCGA-BP-4974-01,8.501065606348112,2.1211204644706108,8.014325580400065,-8.166811684157699,8.358304734981724,13.844226166939047
TCGA-BP-4975-01,8.836979088654742,0.9031235594691622,7.917790893557121,-2.1640663828265887,8.070081005716338,7.760134453950845
TCGA-BP-4977-01,9.26806174155359,-0.6174079543333338,7.942225167162091,-4.3933791044244765,8.093746314523827,1.9416157269321226
TCGA-BP-4981-01,8.954541434594237,-0.8614137602121956,7.776889577615371,5.60572605652259,7.929029516807856,-11.607455043387795
TCGA-BP-4982-01,8.807842957445988,0.25448384299342197,7.879505295243776,-2.7592665946971295,8.179432666460132,12.613207244794651
TCGA-BP-4983-01,9.260717228349662,-2.6532124852220136,7.932090109329522,-3.5449785128081563,8.064248750771311,-3.458045059298949
TCGA-BP-4985-01,9.363987721270819,0.16098295994727516,8.158653142115613,-8.883574020707428,8.244618503932164,5.124069789593414
TCGA-BP-4987-01,8.44233000259785,1.340459637255171,7.699444536892474,0.812420882792597,7.941286189952173,5.8136671510837985
TCGA-BP-4989-01,9.26570791963405,-2.766170850206831,7.96022132119248,-6.731223944013759,8.131831319902352,-0.26553929503147244
TCGA-BP-4991-01,8.832449363098577,1.3781905658568738,7.905725472235366,-6.522646565474975,8.173652230776577,14.947544212673114
TCGA-BP-4992-01,9.399793683651488,-1.7298213575894836,7.876509601862943,-1.7588239905246004,8.108624958601483,-10.07962148488431
TCGA-BP-4993-01,8.832552897932937,1.045412700380235,7.86526490064861,2.7053519144925637,8.10234454664833,5.66155582314697
TCGA-BP-4994-01,9.470049563659346,1.525648518699383,7.886634130586019,-6.975460129905647,8.118154467694271,1.2790455582658562
TCGA-BP-4998-01,9.546883844827274,-1.698370535750878,8.102296377741231,-7.306597838962992,8.363087879751472,11.584313023894305
TCGA-BP-4999-01,8.492451911874126,2.3301241551494853,7.895023579805549,-5.024513958700712,8.267855873729294,15.389188922351934
TCGA-BP-5000-01,9.469013826446872,-1.7191090624203038,8.143630510449972,-1.3170919556617304,8.261004126107835,-2.786106049148106
TCGA-BP-5001-01,8.989553807951957,-0.25262065736945233,7.826531043241542,1.092741207401032,8.014846344392291,-9.643386828978493
TCGA-BP-5004-01,8.718034630753708,1.1206101603017735,7.814553680808995,-0.9870445524727933,8.010391095262099,7.595332317404084
TCGA-BP-5007-01,9.297135393455642,-0.18538016814258296,7.86101336894002,-0.4307412521016461,8.088190009718021,3.7389170125970144
TCGA-BP-5008-01,9.175431181252746,0.1862860475250306,8.120779896472014,-8.550955445665597,8.44707495851044,12.539782447415115
TCGA-BP-5010-01,9.02981288063626,0.7469971891723576,8.132785795403644,-1.8565258299333178,8.36373675431447,0.6480421124007847
TCGA-BP-5168-01,8.31858844148637,1.6016644652119587,7.594001792557575,9.302283306143025,7.807157965427175,-0.8053706756033693
TCGA-BP-5169-01,8.990598640410443,-2.7139174500604324,8.010384006505559,3.0865289759568113,8.071953532501984,-15.46272606435007
TCGA-BP-5170-01,9.051350418280066,-0.30605702806406504,7.837006924617911,5.861633912931047,8.009314771569608,-0.48331549504145116
TCGA-BP-5173-01,8.559283930422577,0.22680955356962756,7.735011912154463,4.921775116005452,7.954608271032865,-0.4869467099351787
TCGA-BP-5174-01,9.372453667278991,-1.6269185415177283,7.612864493343121,10.871899715827297,7.642081053833011,-13.760444230269728
TCGA-BP-5175-01,9.144425024936993,-1.4193286018627267,7.897369579266687,10.304821125466683,7.910705504356124,-17.932394005348872
TCGA-BP-5176-01,8.729990415855331,0.4796434455792593,7.741064346858087,7.821846030284533,7.852334068646829,-4.5155824039131
TCGA-BP-5177-01,8.182495412020536,2.899838341020534,7.9099075339199425,2.3485573289007933,8.077396538303375,3.662798256852294
TCGA-BP-5178-01,9.209033776740098,-2.171256250367588,7.951903956747188,3.583249495661359,8.004445937647183,-6.829643166187178
TCGA-BP-5180-01,9.384645300052574,-2.1942175862610305,7.662624221797429,9.781942863120179,7.799206701050473,-11.946254760917904
TCGA-BP-5182-01,9.483247327424838,-2.166502456023134,8.081333345913066,-1.57709513646922,8.230988660960934,4.308322499842545
TCGA-BP-5183-01,9.403912783622973,-2.0240181983216017,7.7609592169755715,1.3535418377986947,7.866261838598289,-5.707981641587683
TCGA-BP-5184-01,8.961788345409946,0.5397265057114871,7.807140025546263,4.068018854868524,8.007202647722286,3.281190748616881
TCGA-BP-5185-01,8.36732675713739,1.1342206357932263,7.639900307350301,16.916306908348755,7.742950475865402,-20.839048037348373
TCGA-BP-5186-01,8.59890014071042,1.314051278576718,7.747303543789068,2.6591347933140943,7.9609652375606474,3.529736127137591
TCGA-BP-5187-01,8.422980219716132,2.629475059554195,8.007367480025245,-8.685416384943085,8.265506497008445,11.832811086076829
TCGA-BP-5189-01,9.009128572404862,-1.0098243544843402,7.930037206789682,-1.4545570184765595,8.148438065940011,9.367893971546163
TCGA-BP-5190-01,8.606683360479247,0.4725273482002832,7.652736876151238,8.82451020866242,7.715993876744302,-11.393719075475326
TCGA-BP-5191-01,9.934530337147534,-3.77353251041875,7.815057297830417,10.138535140105963,7.9402249658054105,-17.054563032932645
TCGA-BP-5192-01,8.5535381884433,2.3285357188886544,7.593847552082394,6.344544373069131,7.834434861219535,0.9515294764391736
TCGA-BP-5194-01,8.714506639525544,1.4271334453967268,7.778308520413483,1.0517930474481791,7.998655715631997,8.992546785610656
TCGA-BP-5195-01,9.025947234804347,-0.38356531638056646,7.890609622521683,1.0659474423094608,8.126093610546214,7.661153266612196
TCGA-BP-5196-01,9.10541625565952,-0.597813235249493,8.00187524016931,-2.260063603381722,8.17969317946042,-0.7506449038621267
TCGA-BP-5198-01,9.199476214642047,-0.98950347052882,8.055433526277534,-1.9868192861877185,8.208337903650325,3.4799077154934626
TCGA-BP-5200-01,8.774520991310256,0.15109946124329662,7.902978174196795,-1.2153728521943243,8.210855443680343,10.530854549975835
TCGA-BP-5201-01,9.36434165146533,-1.1021822728611368,7.906974549727455,-2.7155150842203724,8.138169039803644,-3.524409026094851
TCGA-BP-5202-01,8.663412085395425,1.078701354087745,7.671204103897959,3.230641841330953,7.867409642870165,3.2734425440697583
TCGA-CJ-4634-01,8.556327382021706,0.849459627260992,7.778057097234051,0.05072334053148967,8.034618588343198,6.799133736236093
TCGA-CJ-4635-01,8.968040417525877,-0.45388793118761206,7.828750194111678,-0.6998636930895333,8.047041399668554,1.3741301979756746
TCGA-CJ-4636-01,9.775367433270738,-2.3137031501277066,7.928075962307523,-0.4581378836743349,8.157091081237356,-0.2306454329428121
TCGA-CJ-4637-01,9.679967484922797,-2.9224060461418757,7.950247189710011,-5.396295339169518,8.10893867931514,-1.2098706657171658
TCGA-CJ-4638-01,8.733568245204966,0.09162124656483545,7.697197391221241,8.099959183678166,7.684093286307671,-21.646858648793533
TCGA-CJ-4639-01,8.523905122719276,1.4557980642436952,7.7319872001963486,-0.14447659626192816,7.993271464732015,8.357833218349548
TCGA-CJ-4640-01,9.649583673584951,-2.2547097201966357,7.867721993464882,1.7731359005360858,7.9718603806916635,-1.437967828652785
TCGA-CJ-4641-01,9.584364415222627,-2.2330204914795857,8.034596193363873,-3.8161914964471375,8.202100867862873,0.6804938795035083
TCGA-CJ-4643-01,8.951843419326504,0.028683140543994012,7.851102743159842,-2.672444952510776,8.20655120878838,11.281387917660647
TCGA-CJ-4644-01,8.820422252751914,-0.7804802291769877,7.64043236319428,7.375410849902145,7.883392332971085,0.01729772734989499
TCGA-CJ-4868-01,9.55804247958716,-1.8310269187548347,8.181207529573687,-4.558973268878468,8.420778073913771,6.4088032365679
TCGA-CJ-4869-01,9.835424407693733,-3.4564794031747996,7.8897834442172865,5.53695716012361,8.047664914229262,-7.16351783970132
TCGA-CJ-4870-01,8.642018165603044,0.9778012728611626,7.662137742281091,7.811657048673902,7.830420151931908,-1.6574714499598733
TCGA-CJ-4871-01,8.591186867281472,0.7068632620834283,7.947572089126474,1.5783383617992528,8.054968560428113,2.939765652744232
TCGA-CJ-4872-01,9.04712733975384,0.1676597358291193,8.113926301772045,-5.141460279642203,8.297623644864974,7.5405868828485545
TCGA-CJ-4873-01,9.835896536210708,-3.864413578222073,7.959244232872508,2.6304858153608026,8.053514250649723,-13.159685201930877
TCGA-CJ-4874-01,8.783261283448633,0.17554038371352806,7.680501811747223,5.161607623629417,7.904475358105827,1.9851483182702743
TCGA-CJ-4875-01,9.067329733893114,-0.2772266880620742,7.786950314624822,3.962418861694339,7.932731591030954,-8.057760816628019
TCGA-CJ-4876-01,8.4593290951647635,0.41456420515823633,7.559087863323449,7.942454710791275,7.7749918671495,-12.41359139169979
TCGA-CJ-4878-01,8.629037856958687,1.4550758133903359,7.615510433917586,4.736300944364292,7.816292192415897,-1.8892309321009002
TCGA-CJ-4881-01,9.357732898833431,-2.1626970613741987,8.134738849967329,-2.491184296319847,8.241561748478999,-3.789091334375478
TCGA-CJ-4882-01,9.846058450436436,-1.7963312094156452,8.473540771090489,-19.402865262809307,8.695302027248102,5.914141510601953
TCGA-CJ-4884-01,9.711452007111872,-2.2178085421833034,7.815362842335746,1.6449700446252482,8.01851851706997,-1.3280052724214866
TCGA-CJ-4885-01,8.735970657606103,1.4155053917208043,7.6714233196297315,5.289697450627674,7.848764398648244,-1.5006148103581072
TCGA-CJ-4886-01,8.827707473482272,0.29935207764668886,7.929024548774035,-1.8130263596536045,8.189650647518773,8.970274498946623
TCGA-CJ-4887-01,9.667678822310947,-2.8411942859705874,7.773192832306566,5.935654630279405,7.952935237098589,-8.018615904925865
TCGA-CJ-4888-01,9.282995633292565,-2.750150868801684,8.04340933138527,-5.227070231124597,8.197347952056672,0.7235868963812659
TCGA-CJ-4889-01,9.725047919987412,-1.5688247038015768,8.068875206119255,-5.719512380828065,8.372443550051207,8.694361088753526
TCGA-CJ-4890-01,9.82206635475879,-2.81908628633902,8.234674327831803,-8.589872074871797,8.436602805725698,9.655552249134528
TCGA-CJ-4891-01,9.646087603769873,-3.229170743976392,8.09766153294866,-1.0410315991523555,8.11268609267089,-10.714713506247254
TCGA-CJ-4892-01,9.037546301237091,-0.32582969580282695,7.888064630569897,0.7667748562897932,8.10622886808162,-1.9646031495688023
TCGA-CJ-4893-01,9.476854854683275,-1.148635986441142,7.748542097933796,2.7701344804099675,8.003323617725272,3.3636421889870647
TCGA-CJ-4894-01,9.275856802018367,-1.0994240721015691,7.819941693357531,-1.833945814532024,8.05318068486993,4.552877137004219
TCGA-CJ-4895-01,8.861511756108063,-0.8902431462312319,7.992090753777788,-0.7768775323807456,8.123011408861833,0.26935992029759054
TCGA-CJ-4897-01,8.879037212442093,0.5986815552220045,7.843674435826132,1.2189679604037122,8.045176532367407,4.719267804147057
TCGA-CJ-4899-01,9.071113965137654,0.7722007387084353,8.09466035997438,-7.931503571481351,8.364137039714599,13.02814836888828
TCGA-CJ-4900-01,9.726937020106362,-3.170276454170675,8.018316984809427,-3.1443606080959534,8.151255212148323,-5.684778016125572
TCGA-CJ-4901-01,9.729910786320145,-2.6027746928298665,8.101235129519774,-5.914722815847127,8.30108224861221,1.048931485101341
TCGA-CJ-4902-01,9.003624350739996,-0.5552397115750294,8.110652105836927,-5.772625845334862,8.31556836201066,7.522382289908213
TCGA-CJ-4903-01,8.829994855654553,-0.22086244582574677,7.8204562503949395,1.5321519626922178,8.020992417753666,1.9827079223365591
TCGA-CJ-4904-01,8.68580638307591,0.8497744369454654,7.805356877981322,0.29394751025297566,8.121300318925254,11.134374057942926
TCGA-CJ-4905-01,8.524731551033664,1.9078479849318093,7.856169138958761,-0.9028039694941195,8.118336472877939,13.43645687661408
TCGA-CJ-4907-01,8.931241193378899,0.28105364426687457,8.05090734063556,-3.3927271778558947,8.303530977230686,10.505265563239494
TCGA-CJ-4908-01,8.588544020731778,1.1813843359009257,8.027438444434004,-6.277294873572703,8.298282165501112,13.235356099667655
TCGA-CJ-4912-01,8.407966315749396,0.4102019684205948,7.8099554840752266,3.8451153842188646,7.977357767596779,-6.927729689035483
TCGA-CJ-4916-01,9.373411040281127,-2.2597111990950944,7.79696650734505,0.9348245431772286,8.045093495000017,-1.4510635131288954
TCGA-CJ-4918-01,8.98098402817181,-0.15377846484482452,8.114716497003538,-6.973955244138892,8.33153009758062,13.76955154254348
TCGA-CJ-4920-01,8.604706923915971,0.2686028924135628,8.055000789420365,-5.339818586524484,8.27151859475536,7.350466657950915
TCGA-CJ-4923-01,9.387912672917214,-1.991881749202785,8.191794382342536,-6.048990660015352,8.343524542041594,-1.6216677097112122
TCGA-CJ-5671-01,9.833714971615695,-3.2248562006154033,8.099632995021748,-1.2133006183556196,8.337868587677725,5.063626673112259
TCGA-CJ-5672-01,9.722634289127893,-3.2631882894515907,7.8351513487068685,5.095062613400177,7.994017043600623,-3.8715657803163492
TCGA-CJ-5675-01,9.204794614386138,-2.487369923638389,7.584169190808871,9.508695487352625,7.7657303542860205,-8.769325961607365
TCGA-CJ-5676-01,9.428252518663824,-1.6950950028717344,7.882817270726457,6.310443225724054,8.066674571279977,-4.239668432455058
TCGA-CJ-5677-01,9.95296338760024,-3.373441981894351,7.997805062188335,2.942433303831999,8.018948234266375,-6.6606682741618295
TCGA-CJ-5678-01,9.40642834207152,-2.3152205208691434,7.703126300051643,8.680472620986949,7.757929442718773,-13.83771657935797
TCGA-CJ-5679-01,8.028932080757842,2.2163629988641187,7.993096226444798,4.9466670709228735,7.96375113654722,-10.362523155474559
TCGA-CJ-5680-01,9.20536109619289,-0.897536326898986,7.700327354157682,5.469868007864498,7.903073171070436,-3.78551378178431
TCGA-CJ-5681-01,8.598722757399173,2.1282712092478095,7.7091203098008725,-3.6334917440325065,7.694265523360158,-6.870813984785921
TCGA-CJ-5682-01,9.050872434316743,1.2896086304135852,7.887219766053798,2.7492293302583284,8.163812932515349,2.6104163730703696
TCGA-CJ-5683-01,8.89309560942613,0.6717274607408021,8.01485330118332,-1.850343065243892,8.217425148693025,-0.34819603458217363
TCGA-CJ-5684-01,8.969597296565366,0.0904535748761501,7.8526932132611185,3.991231220198932,8.050218445767293,1.0058612445808004
TCGA-CJ-5686-01,9.29209153153232,-0.9426559003076386,7.88518473932101,-1.2128824830285174,8.059128452844167,3.796553690351574
TCGA-CJ-5689-01,9.194915467343664,-0.6839449798295683,8.143568556921938,-2.3792823293699166,8.388516619583047,5.62835349789883
TCGA-CJ-6027-01,8.67574617440244,-1.3034771000019612,7.812285447240857,2.998919703768386,7.89087570127822,-7.05704836075895
TCGA-CJ-6028-01,9.032020345466709,-0.20675524198704107,7.910090173036438,-2.6093910012075487,8.091464848932517,6.659985440154081
TCGA-CJ-6030-01,9.36174851026006,-2.6811329646728916,7.903816118869887,-0.10967417046400653,8.102549550370933,2.93481571372477
TCGA-CJ-6031-01,9.511133339651863,-1.400389558087847,8.088896402566279,-0.7799010458978183,8.226032346822278,3.046669045407735
TCGA-CJ-6032-01,8.900678772537368,0.61962124588932,7.643642387284595,4.945115816791759,7.811738822877133,2.645975844754814
TCGA-CJ-6033-01,8.581815969046872,0.17224214915174768,7.978301213120822,1.5750811139646825,8.122770581391965,-1.2287893756567037
TCGA-CW-5580-01,9.224957002485764,0.04538255987327287,7.871415825089971,-2.1693861926668845,8.11293978248822,9.561739171568055
TCGA-CW-5581-01,8.87891161910044,1.1757197116733873,7.72888280146568,3.6838562689881122,7.942571474543804,2.7929016351245997
TCGA-CW-5583-01,8.648818572819055,1.8135212354272419,7.87268450400638,-1.8269039268437501,8.150993803179608,10.341099915883571
TCGA-CW-5584-01,9.112924977489866,-0.9704049910555081,7.8013834252514025,2.5616659532139017,8.034078101110065,3.9087464329366166
TCGA-CW-5585-01,8.426139062733817,1.3820401898838532,7.596700736890537,7.31957909079509,7.773018581726271,-0.7903444608854148
TCGA-CW-5587-01,9.404463578637426,-2.1484842806413447,7.752191794565741,1.9229276935543176,7.973615364623226,4.635987878415426
TCGA-CW-5588-01,9.259859476017121,-1.3702952380170152,8.020947784687852,-1.5980940110995543,8.195329450398534,6.504110937032236
TCGA-CW-5589-01,9.195107120243133,-0.47514715612048286,7.968384554534435,-0.6021082928699686,8.150033801128854,4.435158757638218
TCGA-CW-5591-01,9.057122243572106,1.8009506052766202,7.995637239214335,-4.294327714837841,8.193308805317233,4.6592974305596915
TCGA-CW-6087-01,9.76723274183066,-3.8674132292922563,7.853359261387664,-6.8609822787246815,7.936065082032169,-0.49165793849556727
TCGA-CW-6088-01,8.67421094362955,2.1651304304511654,7.795445556857959,-2.749561548015417,8.073669500180074,12.003404957965973
TCGA-CW-6090-01,9.105820326009573,-0.9898200232169516,7.849344229144294,-1.8916832191709199,7.966109373184315,3.129813904962916
TCGA-CW-6093-01,8.308154231890283,2.041632414439009,7.681786721625121,-0.2634405530158023,7.928236511853312,11.318694461043023
TCGA-CW-6097-01,9.394554289723494,-1.8277441087827178,7.996810936905999,-3.056667139106055,8.247296982254605,9.03406287411745
TCGA-CZ-4853-01,8.636118250497788,0.31894544796565344,7.629131625959009,6.079897458951654,7.821324650524884,-3.216735991742852
TCGA-CZ-4854-01,8.908594104355025,-0.10117022297852107,8.041968483556976,-3.7160793162470043,8.22247414609859,0.8308607634042979
TCGA-CZ-4856-01,9.161478493920727,-0.5220254824492122,7.797937774311843,3.4202469624215444,7.9951296852060025,2.930376175692329
TCGA-CZ-4857-01,8.64676311767107,-0.5486144649800194,8.04258768466332,-5.353998518180832,8.175933574685535,3.5289186366190566
TCGA-CZ-4858-01,8.218704034224816,-0.05043256345802294,7.865006222601368,-3.2667787749715056,7.939443978195123,-5.395448652443009
TCGA-CZ-4859-01,8.526499075558815,0.9668472630237461,7.529070523456951,7.050633189738092,7.654514699462599,-3.790199588507064
TCGA-CZ-4860-01,9.026193094732367,-0.5623879431553457,7.850893544335083,-2.108005128465971,7.68444927887437,-6.310618205042513
TCGA-CZ-4861-01,9.899198632289163,-3.0810500145051316,7.831728124188148,-1.328680828677244,8.028164916180776,2.2919384791959314
TCGA-CZ-4862-01,9.375413151343686,-1.3716500957054099,7.875581107632008,-2.9841307616761537,8.129840182626754,5.981299144239583
TCGA-CZ-4863-01,9.170845976150183,-1.238333900026592,7.762043654387666,0.31611991964114183,7.971952528466989,3.261706168170572
TCGA-CZ-4864-01,9.02665606100467,-0.9823967569578715,7.704555012828665,-0.709634445386808,7.937926045239982,3.3452239541298225
TCGA-CZ-4866-01,9.450082414906333,-0.9601254225578846,7.666776976835408,0.617287264512035,7.699137249219306,-3.0852435019514792
TCGA-CZ-5451-01,8.880896757175087,0.5263899296622138,7.60086546969302,8.523822671747581,7.847691669371908,-0.39749474048111233
TCGA-CZ-5452-01,9.856360051418338,-3.286690784991618,7.608885481976755,8.496084232919435,7.723892548201464,-12.086990236065688
TCGA-CZ-5453-01,7.975595298202092,2.8847847839652756,7.638428434452443,4.843550573479574,7.778298103524649,-1.333924033231116
TCGA-CZ-5454-01,8.992529100373854,-1.7881960659296197,7.663748409885165,6.415279661613559,7.7863711992994435,0.10141879252894553
TCGA-CZ-5455-01,8.963957365932703,-0.42422666599037184,7.775994082506108,-0.19132710693431157,7.9572012617772225,7.740311808800176
TCGA-CZ-5456-01,8.854949958426502,-1.7180021059977792,7.92362362620976,1.1309762146848843,8.068278363916752,-1.3400342497276028
TCGA-CZ-5457-01,8.81011112241029,0.8560586482825473,7.660936849586273,5.507432434806181,7.835911909504636,1.7315068323454386
TCGA-CZ-5458-01,9.362968161031478,-0.33293402643502484,7.8622334741608775,1.5528685114098544,8.053287076600133,4.60082542920653
TCGA-CZ-5459-01,9.052163240495798,0.4164382366346745,7.860317105177072,5.009480806933098,7.990798696787687,-5.449259647520549
TCGA-CZ-5460-01,9.337200316929595,-0.8464502584501039,7.75469288874139,5.228697398298703,7.9597129947730805,-5.38875005729653
TCGA-CZ-5461-01,9.094980940277118,0.12923488863391247,7.848294200207518,1.3046810219532954,8.075189955190467,6.341330120096148
TCGA-CZ-5462-01,8.909151292585491,-1.0052472542992208,7.669239958989755,2.025382319582283,7.657651596627906,-7.406247793495149
TCGA-CZ-5463-01,8.883298903595666,2.0503341353209366,7.519080946630115,4.095702407856326,7.718010061982404,3.173012724707298
TCGA-CZ-5464-01,9.403708322528871,-2.0184139878889087,8.033447002076377,-1.5803326551442045,8.185189593733313,1.419374477455704
TCGA-CZ-5465-01,8.667770283488483,2.4505720614151048,7.7105191679009994,2.0306725629043894,7.888320411133828,1.684436941814082
TCGA-CZ-5466-01,9.297889675176181,-2.7499385125930136,7.971426291450611,2.0763712690319096,8.141153470209042,-4.254737358601764
TCGA-CZ-5467-01,8.451217409318119,2.269014182774198,7.715910622573554,2.8741510511949993,7.918496394421853,4.578470514887343
TCGA-CZ-5468-01,8.095529080582356,0.5680421446555765,7.844293202775479,4.319221825163069,7.84185852218787,-10.451318530317927
TCGA-CZ-5469-01,9.448079906274453,-1.357391219348557,7.893012474555573,4.743480930380307,7.9279620593044005,-13.770644633670736
TCGA-CZ-5470-01,9.605011485118812,-2.2962667992426744,7.842392243264113,2.6337345385626616,7.955583914599141,-5.751745339744174
TCGA-CZ-5982-01,7.95545742123306,2.8523431125297956,7.5769428980881965,4.602587401369069,7.858226390614632,7.119757626112761
TCGA-CZ-5984-01,9.073236574224481,-1.3574440720764116,7.92240892917382,0.565106389018327,8.056214393944789,-0.727120749955751
TCGA-CZ-5985-01,9.491213863498263,-2.2028197602287305,7.798391297765408,2.2715334142302925,7.897069843210915,0.7079342734608517
TCGA-CZ-5986-01,8.479890315904592,2.3574974559454223,7.5375693550468785,4.1120150858381885,7.830276098403155,8.22584528362734
TCGA-CZ-5987-01,9.092359820575362,-0.8166605903105333,7.6527422980993824,10.398147953064887,7.830746974028475,-9.080412411543925
TCGA-CZ-5988-01,8.591759946782156,2.9277570718452033,7.815976894067963,1.8993508708903761,8.004603284165407,9.515906076594888
TCGA-CZ-5989-01,7.452858135704919,8.828100836052922,7.026775399335213,13.039332653174371,7.28520960644969,22.34678275319997
TCGA-DV-5565-01,8.930560098875574,1.0048644521176489,7.817888985721729,4.481384623342134,7.958274175892642,0.4208960584019526
TCGA-DV-5566-01,8.856993926517742,1.0030961149957538,7.830783904414801,4.317219550718783,7.96542361849024,-4.880571521846847
TCGA-DV-5567-01,8.471067093963397,3.6403317092094745,7.724839879228346,1.2967293745550041,8.012258091016598,6.048682248963166
TCGA-DV-5569-01,9.185908467865843,-0.8091562527630369,7.836156432657847,3.4253530945666992,8.047838209078503,2.803558227138228
TCGA-DV-5574-01,9.286501523734444,-0.5783210997431425,8.113885066474921,-4.3329238265002745,8.350053314455927,11.233606263783395
TCGA-DV-5575-01,8.82397166081798,0.731175644844814,7.858882133694053,0.6706003258611758,8.134253889676478,5.987624547088592
TCGA-DV-5576-01,8.239206729832421,4.825828551556547,7.909322555416546,-2.420483149925348,8.184730471665654,6.083008586132778
TCGA-DV-A4VX-01,8.637002394117404,-0.8294953072935162,7.700847650955149,6.524378664417626,7.690662521467872,-21.99408955706037
TCGA-DV-A4VZ-01,8.372499804689289,4.3514356585140685,7.802199641499693,2.050158056676023,7.912417985123566,-10.380021589434545
TCGA-DV-A4W0-01,8.21622009733387,2.8206622675157544,7.78174415112152,1.5953985061629314,7.9826561541201215,-0.06932329889064333
TCGA-EU-5904-01,8.741184149839398,1.477901351756366,7.80754161181301,1.8128799251962175,8.116594530567866,9.376069391309425
TCGA-EU-5905-01,9.1434467835149,-0.3948655451919311,7.9551945478731305,1.1294149530276092,8.183937108808221,3.9942565585111702
TCGA-EU-5906-01,8.980577659035797,0.06727641127307175,7.820224819911625,-0.859106322475198,8.108198631823063,11.009751968085938
TCGA-EU-5907-01,8.452501527378368,1.484585320158044,7.586270655722044,9.49983946872862,7.594153245134624,-6.7300383995736075
TCGA-G6-A5PC-01,9.019545256240752,-2.206250433797872,7.454371468471087,20.04014185544892,7.476101036383243,-31.110107927707862
TCGA-G6-A8L6-01,8.497337922663156,-0.20407424292692597,7.695955810921914,8.020524998296162,7.858731112032829,-9.78834067072584
TCGA-G6-A8L7-01,7.710517680211717,2.2064773340680475,7.704704963145737,12.887135321838947,7.6003980566465446,-27.550515143964233
TCGA-G6-A8L8-01,8.08311294969006,1.5023299214602202,7.55107003312692,8.899627315754245,7.726994791463181,-13.984760850814617
TCGA-GK-A6C7-01,8.548308457142099,0.4907855568363456,7.801778462516387,1.4484698327115022,8.089675560680119,6.388629742105147
TCGA-MM-A563-01,9.548928441134757,-2.335427669465898,8.061586932192515,-0.47018988041606996,8.22761546124138,-2.963761197992038
TCGA-MM-A564-01,8.088847077034783,2.429971167271715,7.771067174362571,4.1630045587312345,7.88988289714151,-6.104440420000083
TCGA-MM-A84U-01,9.175010445918065,-1.4690924127008975,7.964669763670384,3.7910254602833207,8.015991441888366,-11.066646769904043
TCGA-MW-A4EC-01,9.001515704091073,0.641298274262756,7.704800126478984,4.166731581965205,7.836658639126861,-5.9516502079648586
TCGA-T7-A92I-01,8.73159516061555,0.62937945393158,7.513420283332124,-0.6570860468683832,7.5738296629838855,-9.720079411608046
